www.csg.cn, 1
www.gzmtr.com, 1
www.gdyctz.com, 1
www.gdcg.com.cn/index.jsp, 1
www.geg.com.cn, 1
www.gdhjtz.com, 1
www.125.90.0.102, 1
www.cgbchina.com.cn, 1
www.csair.com/cn/, 1
www.dgswjt.cn, 1
www.gzci.net, 1
www.shuangxi100.com, 1
www.cfcapital.com.cn, 1
www.gdcg.com.cn/index.jsp, 1
www.avicgeneral.com, 1
www.gzcb.com.cn, 1
www.gdhighway.com.cn, 1
www.gvcgc.com, 1
www.getholdings.com.cn, 1
www.gac.com.cn, 1
www.gdrising.com.cn, 1
www.grci.com.cn, 1
www.gzjrkg.com, 1
www.gddig.com.cn, 1
www.dgsy.com.cn, 1
219.137.250.194, 1
www.gzpgroup.com, 1
www.crbank.com.cn, 1
www.csacap.com, 1
www.gzci.net, 1
www.gdhchina.com, 1
wap.wlzq.com.cn, 1
www.gjtjt.cn, 1
www.gdwz.com, 1
www.gzmcg.com, 1
www.dongguanfh.com, 1
120.196.112.85, 1
www.gzmcg.com, 1
121.33.206.133, 1
www.namkwong.com.mo, 1
www.hangyun.com.cn, 1
www.nsuci.com, 1
www.gdpr.com, 1
www.hqfi.com.cn, 1
www.zspreim.com, 1
www.gzwaterinvest.com, 1
ny.csg.cn, 1
www.fscccj.com, 1
www.dgjtjt.com.cn, 1
www.grantop.net, 1
www.gzbus.com, 1
www.zhport.com.cn, 1
www.gdsdkg.com, 1
www.gdftc.com.cn, 1
www.fspublic.com, 1
www.zsjtjt.com, 1
219.132.79.53, 1
www.hzdpic.cn, 1
www.gdg.com.cn, 1
www.sci-gz.com, 1
www.gzpgroup.com, 1
www.sslkg.com, 1
www.hyrytz.com, 1
www.grgbanking.com, 1
www.sgyxzx.com, 1
www.gbiac.net, 1
www.qyci.com.cn, 1
haige.com, 1
www.cmmp.com.cn, 1
spe.coscoshipping.com, 1
www.fs-financial.com, 1
www.cnhuafas.com, 1
www.dgportgroup.com, 1
www.kcggz.com, 1
www.gzln.cn, 1
www.zzig.net, 1
www.dytrustee.com, 1
www.gz-salvage.com.cn, 1
www.blznzbgs.com, 1
www.zsjinkong.com, 1
www.gzlig.com, 1
www.gddfund.com, 1
www.guanhao.com, 1
www.gybys.com.cn, 1
www.nanhaitietou.com, 1
www.gdguangye.com, 1
www.kecangroup.com, 1
baiyunholding.com, 1
www.zpug.net, 1
219.129.19.224, 1
www.mmrdc.net, 1
www.cnhuafag.com, 1
www.gdzhlng.cn, 1
www.gdyuelv.com, 1
www.pearlriverpiano.com, 1
www.pyitid.cn, 1
www.gpc.com.cn, 1
www.fsjiantou.com, 1
www.zhihport.com, 1
www.zhihport.com, 1